ID,Author,Content Length,Content
558107681764671538,Freesia~,1,üò¶
558108008010481669,{·èù·è¨·èí·è¶·èï},39,freesia sorry_ i dont own mac either :/
558108051249561630,ZDON,184,So my buddy on Xbox can't play MC with me due to an error saying "Outdated Client". My version is 1.11.05 while his is 1.10. He can't seem to update his MC so we don't know what to do.
558108081352081423,ZDON,21,<@206972070146342913>
558108242539053078,ZDON,28,Anyone know how to fix this?
558108715681579009,{·èù·è¨·èí·è¶·èï},54,zdon_ is 1.11.05 beta? i know 1.10 is official version
558108719490138123,Vanish,11,On bedrock?
558108777543499786,ZDON,13,I'm not sure.
558108852080607232,ZDON,41,Minecraft updated itself about 2 days ago
558108879314223115,Riku the Shiny Lucario,24,sounds like bedrock yeah
558108938738991114,Riku the Shiny Lucario,39,one of you needs to opt out of the beta
558109159669628938,ZDON,5,This?
558109880767086593,{·èù·è¨·èí·è¶·èï},420,think this is it_ looked at the pinned message_NLXbox One_ Windows 10NL1. Xbox Insider Hub ‚Üí Insider Content ‚Üí Minecraft ‚Üí Manage ‚Üí UnenrollNL2. Uninstall MinecraftNL3. Wait for the system to process the unenrollment (approx. 20 minutes_ up to several hours)NL4. Restart deviceNL- Windows 10: Restart PCNL- Xbox One: Power cycle console https://support.xbox.com/en-US/xbox-one/console/power-cycle-consoleNL5. Reinstall Minecraft
558112843099144213,DizzyVolt,54,Is anyone else having issues syncing data on Xbox one?
558114802212274237,Dusk,30,EHHHH multiplayer is so broken
558427414326149121,NightFuryNL,95,Yes you won't get bedrock for free anymore when buying java edition sadly <@212240200187904001>
558427474359484447,Crow,20,Alright thank you c:
558427566751481875,NightFuryNL,12,No problem:)
558427630039334938,panda123,132,when  try to start the game i have to click play. then it just doesnt start. i play on pc. i play forge 1.12.. <@537731814601785346>
558433547082399765,Fendoran,103,Anyone know if there is a custom command to whisper all players "currently online" in a single command?
558433593181863956,Joi,143,Are you guys able to help with Forge?NLSpecifically this error: "Unable to create directory. launchwrapper-1.12.jar"NLReason being: Access denied
558433593987432451,MEE6,62,Hey <@!483384366328840193>_ you just advanced to **level 1** !
558437724596469771,johnny cash,28,https://youtu.be/aenCv2cYh7Q
558441183940968450,ZipQuerk,45,<@!155149108183695360> <@!168274283414421504>
558441218405564421,ZipQuerk,1,ü§î
558441491136118804,smugsmirk,13,wrong channel
558442765176930314,JKDerick,75,how do i update a java realm_ and is it possible to update it to a snapshot
558442843945959435,ZipQuerk,55,<@267518292040744963> EGP will make a copy of the world
558443197660135425,JKDerick,4,egp?
558443298583347212,lunar,276,<@267518292040744963> `DOES REALMS FOR JAVA EDITION WORK WITH OLDER VERSIONS OF MINECRAFT OR THE NEWEST SNAPSHOTS?NLNLYou'll need to be running the most recent release of Minecraft to use Realms. Snapshot releases are not supported.`NLNLhttps://www.minecraft.net/en-us/realms/faq/
558443299556294667,MEE6,62,Hey <@!483087035972976642>_ you just advanced to **level 9** !
558443445673525268,JKDerick,9,thank you
558443719825686546,jcdees24,77,what skin is on the cover of the bedrock update holding a crossbow and shield
558443839308955649,jcdees24,77,what skin is on the cover of the bedrock update holding a crossbow and shield
558443895239868421,jcdees24,77,what skin is on the cover of the bedrock update holding a crossbow and shield
558443921022386191,jcdees24,5,hello
558444124068511749,jcdees24,72,what is the character on the bedrock cover holding a shield and crossbow
558445086384324632,Underslash,286,so_ my friend and I are playing on a modded serverNLwe went to erebus_ some uneventful stuff happenedNLthen this happened to him:NLhttps://gyazo.com/44c91ea60aa582b0ea54a2f764e5adcfNLa repeating command block with /kill doesnt kill himNLwe tried restarting the server as well_ didnt help him
558447605810724875,‡¥ü‡µº‡¥¨‡µã ‡¥§‡¥ü‡µç‡¥ü‡¥ø ‡¥Ö‡¥Æ‡¥ø‡¥∑‡¥ø‡µΩ ‡¥µ‡¥≤‡¥ø‡¥Ø,24,Any1 good with commands?
558447880726249483,‡¥ü‡µº‡¥¨‡µã ‡¥§‡¥ü‡µç‡¥ü‡¥ø ‡¥Ö‡¥Æ‡¥ø‡¥∑‡¥ø‡µΩ ‡¥µ‡¥≤‡¥ø‡¥Ø,101,Need a command that when you drop a specific item on the ground it will disappear and cause an effect
558448078038892544,‡¥ü‡µº‡¥¨‡µã ‡¥§‡¥ü‡µç‡¥ü‡¥ø ‡¥Ö‡¥Æ‡¥ø‡¥∑‡¥ø‡µΩ ‡¥µ‡¥≤‡¥ø‡¥Ø,27,Pls @ if you know something
558448319219892224,ÂêâÁ±≥,110,So uh i finally figured out my old premium accounts username and password i have no clue what the email is tho
558448742529892369,ÂêâÁ±≥,68,and seems i am trying to migrate it ive got no way to get that email
558449121367949312,üíéU…≥‘ãŒ±œÅœÅ·Éß_ | ‰∏çÂπ∏ üíé,219,heyyy_ so i used to be in this server and I just recently rejoined. Long story short I have both the tree puncher and strip miner role_ I think the bots a bit confused and as I result I cant access either realm channels
558450550534832128,NightFuryNL,76,<@193566517630074881> Tag a mod and ask them to remove the tree punched rank
558450725332582410,üíéU…≥‘ãŒ±œÅœÅ·Éß_ | ‰∏çÂπ∏ üíé,27,<@!231679925436809216> halp
558450790423855114,The Lurker,7,Removed
558450841892159527,üíéU…≥‘ãŒ±œÅœÅ·Éß_ | ‰∏çÂπ∏ üíé,4,o ty
558452451192078336,yakymjames40gmail.com,5,james
558461923964747806,Catastro! The Depressy Boi,28,Can I report people here lol
558462504343306252,Catastro! The Depressy Boi,33,I'm legit just getting spammed rn
558462623469797422,Celesian,64,DM a mod online of screenshots of the person who is spamming you
558462820505878528,Catastro! The Depressy Boi,14,Oh alright thx
558464254882086922,M.E.B.S,11,I need help
558464264877244426,M.E.B.S,0,
558464463234269194,cowinterprizes,2,Ok
558464636744237057,M.E.B.S,7,Help me
558465352489631745,M.E.B.S,21,<@144987921601134592>
558465493619441664,cowinterprizes,21,Whats the problem tho
558465681641963532,M.E.B.S,12,Read the pic
558465712054599720,M.E.B.S,22,From the top to bottom
558466261680521217,M.E.B.S,46,<@94284583616393216> do you know this problem?
558467249195843584,lunar,95,Have you tried deleting your .minecraft folder? Make sure to back up your saves before doing so
558468333771685898,M.E.B.S,2,Ok
558754966236561434,Galaxy_2Alex,439,<@441961493924282379> Send an email to Mojang with your Transaction ID and/or gift code_ Mojang account email/Minecraft.net email_ and any other relevant information_ through this form: https://help.mojang.com/customer/portal/emails/newNLFor wait times on replies refer to https://help.mojang.com/customer/portal/articles/359446-when-will-i-hear-back-NLHow to find your Transaction ID: https://help.mojang.com/customer/portal/articles/361380
558755059920535583,Galaxy_2Alex,133,<@441961493924282379> Please ask a person who does speak English to help you write the email_ otherwise they will not understand you.
558755067541454888,Hypothermix,66,Minecraft realms servers still outdated? we cant get ours to work.
558755100118614017,Galaxy_2Alex,38,<@252847503681126400> Bedrock or Java?
558755119345172480,Hypothermix,7,bedrock
558755180217368607,Galaxy_2Alex,75,<@252847503681126400> The owner needs to join and confirm as far as I know.
558755241642688512,Galaxy_2Alex,52,<@252847503681126400> Current stable version is 1.10
558755281664999466,Hypothermix,9,ok thanks
558755341353877525,Harrison,137,Minecraft signed me out of my account and now i cant log on because it says Error_ try again or go to xbox.com. Is this some kind of bug?
558755454658936882,Galaxy_2Alex,117,<@543515451809071136> Make sure the password is correct_ try to log in using the same account on your PC on xbox.com.
558755548594438154,Harrison,25,Thx <@105951398599888896>
558755927696736276,B √∂ R e K,29,<@543515451809071136>  me too
558756027403862016,Galaxy_2Alex,112,<@543515451809071136> Please do not ping other people who need help. Follow the instructions I gave you earlier.
558757788986114053,Greymagic27,93,Logging off for the night. If I was in the middle of support with anyone_ feel free to DM me!
558757797450481665,Greymagic27,1,üëã
558758886249725964,EdfNightmare,108,My friend Krunius sG has bought a realm_ but after trying to get coordinates in his realm_ he can't open it.
558759004906455044,Darkly,45,Minecraft Switch is lagging like crazy for me
558759139765911552,Galaxy_2Alex,76,<@219935476495286272> Can't join the Realm_ or can't open it after purchase?
558759241154822154,EdfNightmare,50,can't join_ none of the peeps who were invited can
558759249082318868,Galaxy_2Alex,98,<@!443203160845189121> Known Problem_ Mojang_ Microsoft and Nintendo are probably looking into it.
558759271324581889,Darkly,2,Ok
558759272478015488,MEE6,62,Hey <@!443203160845189121>_ you just advanced to **level 1** !
558759313271816212,Galaxy_2Alex,38,<@219935476495286272> Bedrock or Java?
558759424257425458,Cuteness,165,<@206527186960646145> Neither the Java Edition_ nor Bedrock server should ever need to run as `root`_ so using `sudo` broke stuff and possibly opened security holes.
558759520617365520,EdfNightmare,85,pretty sure it's Bedrock_ On my Xbox One_ it says 1.10.0 but I still have the raiders
558760339005767700,Galaxy_2Alex,82,<@219935476495286272> Don't really have much experience with Bedrock Realms_ sorry
558761633023918080,Cuteness,193,<@219935476495286272> Hmm ‚Ä¶ have your friend download the world savs_ try opening it locally on the device_ and finally. only if they can successfully Save & Quit_ upload what they just played.
558761910892363811,EdfNightmare,44,apparently he already tried it_ doesn't work
558761935303082004,sewn,18,hello! I need help
558761946619314186,{·èù·è¨·èí·è¶·èï},1014,<@219935476495286272> not quite sure_ i see this in pin messageNL- Port forward for Xbox Live (‚ÄúUnable to Connect‚Äù error): https://support.xbox.com/en-US/xbox-one/networking/network-ports-used-xbox-liveNLManage Xbox Live Privacy & Online Safety Settings: https://account.xbox.com/settingsNLChild account settings must be managed by the Microsoft Family parent account: https://support.microsoft.com/en-us/help/4090274/microsoft-account-parental-consent-and-child-accountsNLNL- Add players as Xbox Live friends: Add Friends ‚Üí Allow.NL- Play and join cross-platform multiplayer worlds_ Realms_ and servers: Join Multiplayer Games ‚Üí AllowNL- Create and join Realms and Realms Clubs: You can create and join Clubs ‚Üí AllowNL- Send/receive game invites and in-game text chat messages: Others can communicate with voice_ text_ or invites ‚ÜíNL  ‚Äî Friends: send/receive game invites and chat messages only from players who are Xbox Live friends  orNL  ‚Äî Everyone: send/receive game invites and chat messages from all Xbox Live players
558761990756106250,sewn,31,I need help for Minecraft on PC
558762002265407488,Galaxy_2Alex,26,<@393120585422471180> Yes?
558762034242519070,sewn,18,so whenever i play
558762129432379392,sewn,73,theres no certain time_ but randomly so oftenly my entire pc just freezes
558762155982454784,sewn,46,and i cant do anything besides hard restart it
558762231853219871,sewn,34,like holding down the power button
558762265143279637,Galaxy_2Alex,323,<@393120585422471180> Malwarebytes ADWCleaner is an utility to clean a PC which is infested with malware. Download it here: https://toolslib.net/downloads/finish/1/NLRun it_ click Scan Now_ once it completes the scan click Clean & Repair_ restart the computer when it asks you to and come back here for further instructions.
558762368717422607,sewn,24,my pc has no malware -_-
558762642601279499,Galaxy_2Alex,105,<@393120585422471180> You'd be surprised how many people say that and then that turned out not to be true
558762751993053184,Galaxy_2Alex,92,<@393120585422471180> That tool is known to help in freezing cases_ try and see if it helps.
558762933367209988,sewn,12,done i guess
558762988279169034,{·èù·è¨·èí·è¶·èï},65,malwarebytes isn't must malware scanner_ it pick out other pieces
558763100346777610,Galaxy_2Alex,97,<@393120585422471180> If it did get rid of everything_ restart your PC_ then try to run the game.
558766549415100436,Cuteness,205,<@105951398599888896> <@537731814601785346> Also recommend to run again for sanity sake after reboot just in case a malware is somehow was able to re-plant itself in the boot order after the scan happened;
558767792518594571,Skywalker5490,4,Alec
558767806242619413,Skywalker5490,4,Alex
558767852040224789,Skywalker5490,18,You know yesterday
558767882717364224,Skywalker5490,25,when you gave me the link
558767897409880071,Galaxy_2Alex,34,I've helped about 25 people since.
558767914371514398,Galaxy_2Alex,14,probably more.
558767916242173962,Skywalker5490,26,can i have it again please
558767972412293120,Skywalker5490,27,I cant buy coins on my xbox
558768012543524875,Skywalker5490,28,You said to wait a few hours
558768029333454848,Skywalker5490,16,but i still cant
558768604506619973,Galaxy_2Alex,52,<@536975600821207061> Contact X-Box Account Support.
558768632507662356,Skywalker5490,12,Ok thank you
558769504545669125,ba8t,106,minecraft will not pop up in my discord library or quick launcher_ can someone help me that would be great
558769582165458945,Galaxy_2Alex,38,<@419240985176834048> Java or Bedrock?
558769607490666498,ba8t,4,java
558769771840143374,Galaxy_2Alex,114,<@419240985176834048> You may want to ask about that in Discord Support_ this is more focussed on the actual game.
558769813808349185,ba8t,10,oh ok then
558769961099722788,WilliamBac,120,Hey_ when I try and log in to a account_ ti says invalid username. What can I do? pretty sure the password didn't reset.
558770603818090506,Galaxy_2Alex,399,<@304757722786562048> After 3 incorrect login attempts_ a lockout is placed automatically by Mojang's systems on your network to protect accounts against brute force attacks to gain access.NLThis lockout is automatic_ lasts for 1 hour_ and cannot be overridden. Wait 1 hour_ don't log in at all (to *any* account). Then reset your password using https://account.mojang.com/password -- then try again.
558772943585280011,Gigabars,54,<@!145954717841883137> Ive just killed that server tbh
558772945166663727,MEE6,62,Hey <@!206527186960646145>_ you just advanced to **level 1** !
558772967719305236,Gigabars,26,Just using another one now
558772973381615635,Gigabars,7,it gone
558777672386478111,Galaxy_2Alex,62,<@189346627574562816> Copy the log after the game has crashed.
558778413523927051,panda123,82,anybody help my mc wont open when i try 1.12.2 forge but it works with 1.8.9 forge
558778414996127745,MEE6,62,Hey <@!414054901971419139>_ you just advanced to **level 1** !
558778498794389527,Galaxy_2Alex,58,<@414054901971419139> We will need some kind of crash log.
558778621150625822,panda123,21,how do i give u that?
558778865929945104,Galaxy_2Alex,73,<@414054901971419139> On a pasting website of your choice_ like paste.ee.
558779005428432916,28sdcard,539,<:mcsheep:302439127322722314> <:mcsheep:302439127322722314> <:mcsheep:302439127322722314> <:mcsheep:302439127322722314> <:mcsheep:302439127322722314> <:mcsheep:302439127322722314> <:mcsheep:302439127322722314> <:mcsheep:302439127322722314> <:mcsheep:302439127322722314> <:mcsheep:302439127322722314> <:mcsheep:302439127322722314> <:mcsheep:302439127322722314> <:mcsheep:302439127322722314> <:mcsheep:302439127322722314> <:mcsheep:302439127322722314> <:mcsheep:302439127322722314> <:mcsheep:302439127322722314> <:mcsheep:302439127322722314>
558779008498794501,28sdcard,539,<:mcsheep:302439127322722314> <:mcsheep:302439127322722314> <:mcsheep:302439127322722314> <:mcsheep:302439127322722314> <:mcsheep:302439127322722314> <:mcsheep:302439127322722314> <:mcsheep:302439127322722314> <:mcsheep:302439127322722314> <:mcsheep:302439127322722314> <:mcsheep:302439127322722314> <:mcsheep:302439127322722314> <:mcsheep:302439127322722314> <:mcsheep:302439127322722314> <:mcsheep:302439127322722314> <:mcsheep:302439127322722314> <:mcsheep:302439127322722314> <:mcsheep:302439127322722314> <:mcsheep:302439127322722314>
558779008918224928,Dyno,34,<@558769078018244609> No spamming.
558779009446707211,28sdcard,539,<:mcsheep:302439127322722314> <:mcsheep:302439127322722314> <:mcsheep:302439127322722314> <:mcsheep:302439127322722314> <:mcsheep:302439127322722314> <:mcsheep:302439127322722314> <:mcsheep:302439127322722314> <:mcsheep:302439127322722314> <:mcsheep:302439127322722314> <:mcsheep:302439127322722314> <:mcsheep:302439127322722314> <:mcsheep:302439127322722314> <:mcsheep:302439127322722314> <:mcsheep:302439127322722314> <:mcsheep:302439127322722314> <:mcsheep:302439127322722314> <:mcsheep:302439127322722314> <:mcsheep:302439127322722314>
558779023698952207,28sdcard,539,<:mcsheep:302439127322722314> <:mcsheep:302439127322722314> <:mcsheep:302439127322722314> <:mcsheep:302439127322722314> <:mcsheep:302439127322722314> <:mcsheep:302439127322722314> <:mcsheep:302439127322722314> <:mcsheep:302439127322722314> <:mcsheep:302439127322722314> <:mcsheep:302439127322722314> <:mcsheep:302439127322722314> <:mcsheep:302439127322722314> <:mcsheep:302439127322722314> <:mcsheep:302439127322722314> <:mcsheep:302439127322722314> <:mcsheep:302439127322722314> <:mcsheep:302439127322722314> <:mcsheep:302439127322722314>
558779024562716676,28sdcard,539,<:mcsheep:302439127322722314> <:mcsheep:302439127322722314> <:mcsheep:302439127322722314> <:mcsheep:302439127322722314> <:mcsheep:302439127322722314> <:mcsheep:302439127322722314> <:mcsheep:302439127322722314> <:mcsheep:302439127322722314> <:mcsheep:302439127322722314> <:mcsheep:302439127322722314> <:mcsheep:302439127322722314> <:mcsheep:302439127322722314> <:mcsheep:302439127322722314> <:mcsheep:302439127322722314> <:mcsheep:302439127322722314> <:mcsheep:302439127322722314> <:mcsheep:302439127322722314> <:mcsheep:302439127322722314>
558779025737121802,28sdcard,539,<:mcsheep:302439127322722314> <:mcsheep:302439127322722314> <:mcsheep:302439127322722314> <:mcsheep:302439127322722314> <:mcsheep:302439127322722314> <:mcsheep:302439127322722314> <:mcsheep:302439127322722314> <:mcsheep:302439127322722314> <:mcsheep:302439127322722314> <:mcsheep:302439127322722314> <:mcsheep:302439127322722314> <:mcsheep:302439127322722314> <:mcsheep:302439127322722314> <:mcsheep:302439127322722314> <:mcsheep:302439127322722314> <:mcsheep:302439127322722314> <:mcsheep:302439127322722314> <:mcsheep:302439127322722314>
558779026202951681,28sdcard,539,<:mcsheep:302439127322722314> <:mcsheep:302439127322722314> <:mcsheep:302439127322722314> <:mcsheep:302439127322722314> <:mcsheep:302439127322722314> <:mcsheep:302439127322722314> <:mcsheep:302439127322722314> <:mcsheep:302439127322722314> <:mcsheep:302439127322722314> <:mcsheep:302439127322722314> <:mcsheep:302439127322722314> <:mcsheep:302439127322722314> <:mcsheep:302439127322722314> <:mcsheep:302439127322722314> <:mcsheep:302439127322722314> <:mcsheep:302439127322722314> <:mcsheep:302439127322722314> <:mcsheep:302439127322722314>
558779027498729492,28sdcard,539,<:mcsheep:302439127322722314> <:mcsheep:302439127322722314> <:mcsheep:302439127322722314> <:mcsheep:302439127322722314> <:mcsheep:302439127322722314> <:mcsheep:302439127322722314> <:mcsheep:302439127322722314> <:mcsheep:302439127322722314> <:mcsheep:302439127322722314> <:mcsheep:302439127322722314> <:mcsheep:302439127322722314> <:mcsheep:302439127322722314> <:mcsheep:302439127322722314> <:mcsheep:302439127322722314> <:mcsheep:302439127322722314> <:mcsheep:302439127322722314> <:mcsheep:302439127322722314> <:mcsheep:302439127322722314>
558779028371406878,28sdcard,539,<:mcsheep:302439127322722314> <:mcsheep:302439127322722314> <:mcsheep:302439127322722314> <:mcsheep:302439127322722314> <:mcsheep:302439127322722314> <:mcsheep:302439127322722314> <:mcsheep:302439127322722314> <:mcsheep:302439127322722314> <:mcsheep:302439127322722314> <:mcsheep:302439127322722314> <:mcsheep:302439127322722314> <:mcsheep:302439127322722314> <:mcsheep:302439127322722314> <:mcsheep:302439127322722314> <:mcsheep:302439127322722314> <:mcsheep:302439127322722314> <:mcsheep:302439127322722314> <:mcsheep:302439127322722314>
558779029767847954,28sdcard,539,<:mcsheep:302439127322722314> <:mcsheep:302439127322722314> <:mcsheep:302439127322722314> <:mcsheep:302439127322722314> <:mcsheep:302439127322722314> <:mcsheep:302439127322722314> <:mcsheep:302439127322722314> <:mcsheep:302439127322722314> <:mcsheep:302439127322722314> <:mcsheep:302439127322722314> <:mcsheep:302439127322722314> <:mcsheep:302439127322722314> <:mcsheep:302439127322722314> <:mcsheep:302439127322722314> <:mcsheep:302439127322722314> <:mcsheep:302439127322722314> <:mcsheep:302439127322722314> <:mcsheep:302439127322722314>
558779061141372929,28sdcard,539,<:mcsheep:302439127322722314> <:mcsheep:302439127322722314> <:mcsheep:302439127322722314> <:mcsheep:302439127322722314> <:mcsheep:302439127322722314> <:mcsheep:302439127322722314> <:mcsheep:302439127322722314> <:mcsheep:302439127322722314> <:mcsheep:302439127322722314> <:mcsheep:302439127322722314> <:mcsheep:302439127322722314> <:mcsheep:302439127322722314> <:mcsheep:302439127322722314> <:mcsheep:302439127322722314> <:mcsheep:302439127322722314> <:mcsheep:302439127322722314> <:mcsheep:302439127322722314> <:mcsheep:302439127322722314>
558779061971976192,Dyno,34,<@558769078018244609> No spamming.
558779072432439297,28sdcard,539,<:mcsheep:302439127322722314> <:mcsheep:302439127322722314> <:mcsheep:302439127322722314> <:mcsheep:302439127322722314> <:mcsheep:302439127322722314> <:mcsheep:302439127322722314> <:mcsheep:302439127322722314> <:mcsheep:302439127322722314> <:mcsheep:302439127322722314> <:mcsheep:302439127322722314> <:mcsheep:302439127322722314> <:mcsheep:302439127322722314> <:mcsheep:302439127322722314> <:mcsheep:302439127322722314> <:mcsheep:302439127322722314> <:mcsheep:302439127322722314> <:mcsheep:302439127322722314> <:mcsheep:302439127322722314>
558779073657307136,28sdcard,539,<:mcsheep:302439127322722314> <:mcsheep:302439127322722314> <:mcsheep:302439127322722314> <:mcsheep:302439127322722314> <:mcsheep:302439127322722314> <:mcsheep:302439127322722314> <:mcsheep:302439127322722314> <:mcsheep:302439127322722314> <:mcsheep:302439127322722314> <:mcsheep:302439127322722314> <:mcsheep:302439127322722314> <:mcsheep:302439127322722314> <:mcsheep:302439127322722314> <:mcsheep:302439127322722314> <:mcsheep:302439127322722314> <:mcsheep:302439127322722314> <:mcsheep:302439127322722314> <:mcsheep:302439127322722314>
558779075192160256,28sdcard,1079,<:mcsheep:302439127322722314> <:mcsheep:302439127322722314> <:mcsheep:302439127322722314> <:mcsheep:302439127322722314> <:mcsheep:302439127322722314> <:mcsheep:302439127322722314> <:mcsheep:302439127322722314> <:mcsheep:302439127322722314> <:mcsheep:302439127322722314> <:mcsheep:302439127322722314> <:mcsheep:302439127322722314> <:mcsheep:302439127322722314> <:mcsheep:302439127322722314> <:mcsheep:302439127322722314> <:mcsheep:302439127322722314> <:mcsheep:302439127322722314> <:mcsheep:302439127322722314> <:mcsheep:302439127322722314> <:mcsheep:302439127322722314> <:mcsheep:302439127322722314> <:mcsheep:302439127322722314> <:mcsheep:302439127322722314> <:mcsheep:302439127322722314> <:mcsheep:302439127322722314> <:mcsheep:302439127322722314> <:mcsheep:302439127322722314> <:mcsheep:302439127322722314> <:mcsheep:302439127322722314> <:mcsheep:302439127322722314> <:mcsheep:302439127322722314> <:mcsheep:302439127322722314> <:mcsheep:302439127322722314> <:mcsheep:302439127322722314> <:mcsheep:302439127322722314> <:mcsheep:302439127322722314> <:mcsheep:302439127322722314>
558779099124858886,Galaxy_2Alex,28,are you quite finished then?
558779104120406026,28sdcard,59,<:mcsheep:302439127322722314> <:mcsheep:302439127322722314>
558779105991065603,28sdcard,59,<:mcsheep:302439127322722314> <:mcsheep:302439127322722314>
558779108151132163,28sdcard,59,<:mcsheep:302439127322722314> <:mcsheep:302439127322722314>
558779110365593600,28sdcard,59,<:mcsheep:302439127322722314> <:mcsheep:302439127322722314>
558779113242886155,28sdcard,59,<:mcsheep:302439127322722314> <:mcsheep:302439127322722314>
558779114065100800,Dyno,56,<@558769078018244609> You're sending messages too quick!
558779116275367971,28sdcard,59,<:mcsheep:302439127322722314> <:mcsheep:302439127322722314>
558779118464794654,28sdcard,59,<:mcsheep:302439127322722314> <:mcsheep:302439127322722314>
558779119614296084,28sdcard,59,<:mcsheep:302439127322722314> <:mcsheep:302439127322722314>
558779120545431562,28sdcard,59,<:mcsheep:302439127322722314> <:mcsheep:302439127322722314>
558779123674120224,vesko,30,this is the crash report i get
558779124077035531,28sdcard,299,<:mcsheep:302439127322722314> <:mcsheep:302439127322722314> <:mcsheep:302439127322722314> <:mcsheep:302439127322722314> <:mcsheep:302439127322722314> <:mcsheep:302439127322722314> <:mcsheep:302439127322722314> <:mcsheep:302439127322722314> <:mcsheep:302439127322722314> <:mcsheep:302439127322722314>
558779138648047618,28sdcard,179,<:mcsheep:302439127322722314> <:mcsheep:302439127322722314> <:mcsheep:302439127322722314> <:mcsheep:302439127322722314> <:mcsheep:302439127322722314> <:mcsheep:302439127322722314>
558779143815299072,28sdcard,59,<:mcsheep:302439127322722314> <:mcsheep:302439127322722314>
558779144272478229,28sdcard,59,<:mcsheep:302439127322722314> <:mcsheep:302439127322722314>
558779145530638337,28sdcard,59,<:mcsheep:302439127322722314> <:mcsheep:302439127322722314>
558779146264641547,28sdcard,59,<:mcsheep:302439127322722314> <:mcsheep:302439127322722314>
558779147384520736,Dyno,56,<@558769078018244609> You're sending messages too quick!
558779157715222528,28sdcard,59,<:mcsheep:302439127322722314> <:mcsheep:302439127322722314>
558779158604283926,28sdcard,59,<:mcsheep:302439127322722314> <:mcsheep:302439127322722314>
558779159585882133,28sdcard,59,<:mcsheep:302439127322722314> <:mcsheep:302439127322722314>
558779160089329665,28sdcard,59,<:mcsheep:302439127322722314> <:mcsheep:302439127322722314>
558779161288769536,28sdcard,59,<:mcsheep:302439127322722314> <:mcsheep:302439127322722314>
558779162035486730,28sdcard,59,<:mcsheep:302439127322722314> <:mcsheep:302439127322722314>
558779162500923404,28sdcard,59,<:mcsheep:302439127322722314> <:mcsheep:302439127322722314>
558779171245916171,28sdcard,59,<:mcsheep:302439127322722314> <:mcsheep:302439127322722314>
558779173670223902,28sdcard,59,<:mcsheep:302439127322722314> <:mcsheep:302439127322722314>
558779174135791648,28sdcard,59,<:mcsheep:302439127322722314> <:mcsheep:302439127322722314>
558779175280836608,Galaxy_2Alex,21,<@289449680444719104>
558779176820277249,Dyno,56,<@558769078018244609> You're sending messages too quick!
558779200375357482,28sdcard,59,<:mcsheep:302439127322722314> <:mcsheep:302439127322722314>
558779201721991189,28sdcard,59,<:mcsheep:302439127322722314> <:mcsheep:302439127322722314>
558779202065924147,28sdcard,119,<:mcsheep:302439127322722314> <:mcsheep:302439127322722314> <:mcsheep:302439127322722314> <:mcsheep:302439127322722314>
558779203294724117,28sdcard,59,<:mcsheep:302439127322722314> <:mcsheep:302439127322722314>
558779204330586132,28sdcard,21,<@289449680444719104>
558779206872334338,28sdcard,21,<@289449680444719104>
558779207761657882,Dyno,56,<@558769078018244609> You're sending messages too quick!
558779213264715806,28sdcard,21,<@289449680444719104>
558779270877544468,28sdcard,48,some naughty kid is spamming diamondss111111!1!!
558779293086515200,28sdcard,59,<:mcsheep:302439127322722314> <:mcsheep:302439127322722314>
558779295464554516,28sdcard,59,<:mcsheep:302439127322722314> <:mcsheep:302439127322722314>
558779296869646336,28sdcard,59,<:mcsheep:302439127322722314> <:mcsheep:302439127322722314>
558779298702557195,28sdcard,59,<:mcsheep:302439127322722314> <:mcsheep:302439127322722314>
558779300443193344,28sdcard,59,<:mcsheep:302439127322722314> <:mcsheep:302439127322722314>
558779301735039003,Dyno,56,<@558769078018244609> You're sending messages too quick!
558779315576242181,Galaxy_2Alex,21,<@345293769408512000>
558779347054624769,28sdcard,26,the creppor blew oop mi om
558779358563532800,28sdcard,7,oh noes
558779382525591602,Galaxy_2Alex,25,been spamming constantly.
558779401547022344,ProfessorValko,31,?purge 10 <@558769078018244609>
558779430340657152,Galaxy_2Alex,9,thank you
558779459633807382,Galaxy_2Alex,26,as always_ terribly sorry.
558779642215923712,ProfessorValko,50,oh they still wanna be funny with the reactions ok
558779873267810317,ProfessorValko,20,they're gone now lol
558783934926684172,Galaxy_2Alex,126,<@189346627574562816> It's clearly showing in the crash report. Also_ keep in mind that the 635M is getting a bit old now too.
558784029885988877,GameGlitz,60,<@189346627574562816> can u load the world in mcedit and try
558784118780067851,GameGlitz,17,repair the chunks
558784126748983309,vesko,98,mcedit loads it to one point and then the program itself crashes_ no matter what world i put in it
558784199696580612,GameGlitz,31,wait i have a command line tool
558784427153555474,GameGlitz,49,https://github.com/Fenixin/Minecraft-Region-Fixer
558784486771261451,vesko,107,i got in it without the optifine_ i will try to load the broken chunks and try to see what's going on there
558784514990800897,GameGlitz,49,https://github.com/Fenixin/Minecraft-Region-Fixer
558784692359528488,vesko,64,yea_ it's broken chunks that cause it_ not any mods or something
558784712760361010,vesko,36,it crashed the moment i reached them
558784741763973130,GameGlitz,6,yea ik
558784996027138059,panda123,10,gameglitz?
558786241131184129,WilliamBac,156,<@105951398599888896>  I no longer have the email_ so I can not reset the password. However_ I do have the email and password. Would mojang reset it for me?
558786426573946890,WilliamBac,59,And no_ I bought the account years ago. the reciept is lost
558786600029388800,Galaxy_2Alex,284,<@304757722786562048> Just give them as many details as possible in your account support request (apart from the password_ don't write that in the email). Previous Username_ previous Email Addresses of the account_ birthday etc._ whatever you think could help to recover your account.
558786785514225674,WilliamBac,125,Welp. I have the previous username_ but I used a fake birthday cause I was still only 14 at the time_ and I had only 1 email.
558786855500513280,WilliamBac,48,So if I had both usernames_ would they reset it?
558786878594351128,Galaxy_2Alex,51,<@304757722786562048> Explain that to them_ not me.
558786949649793035,WilliamBac,9,kk_ tysm.
558786967005822976,Galaxy_2Alex,97,<@304757722786562048> They will answer_ and ask for whatever information they need to verify you.
558787099202158613,WilliamBac,73,is the support ticket review time long? In most games it's like 4-5 weeks
558787167346884628,Galaxy_2Alex,277,<@304757722786562048> Unfortunately_ due to understaffing and unexpected sickness_ the wait time for account support requests is currently longer than normal. Please refer to this page for an approximate wait time: https://help.mojang.com/customer/portal/articles/359446-when-w
558787336607891467,WilliamBac,34,holy. Welp. Thanks anyways I guess
558788848004497449,YourAverageSlime,224,I'm hoping that this applies to here_ but i play on xbox and me and my friend cannot join_ whenever we invite each other it says we're on windows 10 edition but we're not_ Our NAT types are open but we cannot join_ Any help?
558790844086353930,panda123,407,somebody help i get this error NLlauncherNLmainNLinfoNLPreparing to launch minecraft client for 1.12.2-forge1.12.2-14.23.5.2768NLlauncherNLmainNLwarnNLCouldn't get hash for org\scala-lang\scala-actors-migration_2.11\1.1.0\scala-actors-migration_2.11-1.1.0.jar from http://files.minecraftforge.net/maven/org/scala-lang/scala-actors-migration_2.11/1.1.0/scala-actors-migration_2.11-1.1.0.jar.sha1: HTTP 404: Not Found
558790999221075998,panda123,264,Couldn't get hash for org\scala-lang\scala-actors-migration_2.11\1.1.0\scala-actors-migration_2.11-1.1.0.jar from http://files.minecraftforge.net/maven/org/scala-lang/scala-actors-migration_2.11/1.1.0/scala-actors-migration_2.11-1.1.0.jar.sha1: HTTP 404: Not Found
558791767345070091,Galaxy_2Alex,283,<@414054901971419139> " To resolve the problem_ 1. you must DELETE all the current items in your mods directory (AppData --> .minecraft --> mods)NLand 2. You must download all the mods you wish to run_ then simply DRAG them over to the mods directory. Do NOT extract your jar files. "
558792104013332498,panda123,37,it wont let me get rid off forgewurst
558792265129263125,Galaxy_2Alex,110,<@414054901971419139> Forgewurst? Isn't that what you use to play the game without having to pay for the game?
558792296192147467,panda123,2,no
558792367444852736,panda123,19,its a hacked client
558792368724377643,MEE6,62,Hey <@!414054901971419139>_ you just advanced to **level 2** !
558792438437773334,Galaxy_2Alex,73,<@414054901971419139> Forge does not support Wurst_ please do not use it.
558792527893757956,Galaxy_2Alex,79,<@414054901971419139> Instead_ only use Forge via the official launcher please.
558792584072396838,panda123,22,is that mc wont work??
558792629148581898,Galaxy_2Alex,53,<@414054901971419139> It is probably the reason_ yes.
558792808224260111,panda123,40,i cant get riid off the forgewurst thing
558793057152008192,Galaxy_2Alex,69,<@414054901971419139> Just delete everything_ and start from scratch.
558793122314715166,panda123,36,so unistall mc then install it again
558793128623210518,panda123,1,?
558793172726054912,Galaxy_2Alex,26,<@414054901971419139> Yes.
558793205122990110,Galaxy_2Alex,33,And that's me for today_ goodbye.
558793298165104670,panda123,3,cya
558800018350407702,qwertyllea,1,l
558800187401830424,Cosmo,25,https://discord.gg/jWVGFj
558802644798537729,D–∞rk,99,So I uploaded a texture pack to my realm but my Xbox friend doesn't see the texture (I'm on Mobile)
558802855772028939,Œ£ùì©„ÉÉ | V·¥á Ä…™“ì…™·¥á·¥Ö,22,<@!281556800828997634>
558802876017934357,Œ£ùì©„ÉÉ | V·¥á Ä…™“ì…™·¥á·¥Ö,19,Take down the realm
558802912688603146,Œ£ùì©„ÉÉ | V·¥á Ä…™“ì…™·¥á·¥Ö,30,Go to the settings of the game
558802931357581317,D–∞rk,2,Ok
558802970729381888,Œ£ùì©„ÉÉ | V·¥á Ä…™“ì…™·¥á·¥Ö,5,1 sec
558803191085400066,The Bean,43,can i ask for help about my house/bed here?
558803226661486603,The Bean,46,i keep spawning in the floor/wall when i sleep
558803236606181377,The Bean,17,causing me to die
558803543755063337,D–∞rk,29,<@313384310315155464> move it
558803784609038336,The Bean,7,i tried
558803805693804554,{·èù·è¨·èí·è¶·èï},35,<@313384310315155464> which system?
558803816728887317,The Bean,2,pc
558803860605632513,The Bean,37,i can send u pics of where its places
558804242173919242,{·èù·è¨·èí·è¶·èï},111,use this https://imgur.com/upload or some other way to link it since around here u need level 5 to do it direct
558804278966353935,The Bean,11,i meant dms
558804310373433345,{·èù·è¨·èí·è¶·èï},5,oh ok
558809296758898728,Epic_Gamer,2,Hu
558820875890065423,fil5hy,2,uh
558820900980391936,fil5hy,50,i made a realm to transfer a world from xbox to pc
558820933926780935,fil5hy,51,i cancelled reccuring subscription and closed realm
558820975525756928,fil5hy,72,does this mean it will still charge me. or is it going to stay the trial
558821017552814090,fil5hy,80,i just needed to use it for 3 seconds and was wondering if i screwed myself here
558822311839399938,xXweirdoXx,34,hey guys and gals just got discord
558826457111986192,saltyham,30,good job <@558808591860236308>
558826601194979350,Luna "Lechuga",53,is there a reason my friend and I can't play together
558826602377510933,MEE6,62,Hey <@!339883917530365953>_ you just advanced to **level 4** !
558826624368377878,Luna "Lechuga",21,we both have switches
558826661135646730,Luna "Lechuga",37,but the connection just isn't working
558826736230596618,saltyham,45,are yall on wifi or lan <@339883917530365953>
558826760897036323,Luna "Lechuga",4,wifi
558826772599144450,Luna "Lechuga",10,both of us
558826787283402752,saltyham,4,yah'
558826798050443274,saltyham,2,ok
558826916799447050,saltyham,54,idk but do u have to sign in on xbox live or something
558826971316879381,Luna "Lechuga",18,on we're on switch
558826988203147294,saltyham,39,cause i use mcpe and we have to do that
558827013343805470,saltyham,14,so just asking
558827111289454620,Luna "Lechuga",3,idk
558827280567238688,TheFlameGuy,156,Failed to login "We tried to sign you into your Xbox Live account but something went wrong."NLTried waiting a while but it still won't login a few days later
558827581466607645,saltyham,62,<@339883917530365953>  try going over to <#305834249913892864>
558827619672391712,saltyham,26,thay might be able to help
558829659534393345,{·èù·è¨·èí·è¶·èï},76,<@255055568182444040> not idea_ u'll have to contact mojang about cash issue
558829735120207873,fil5hy,17,im just wondering
558829757052223498,fil5hy,23,im sure it will be fine
558829773153894400,{·èù·è¨·èí·è¶·èï},65,<@339883917530365953> any message pop up? helps abit to pin point
558830082978873346,{·èù·è¨·èí·è¶·èï},86,<@304679379504463872> not sure how to help u with that_ contact microsoft/xbox support
558830646299197455,FreddyBearSniper,179,On Nintendo Switch_ There's an issue about adding a guest account on a Minecraft Multiplayer World. It says "Nintendo Switch Online Required" Is Nintendo or Mojang gonna fix this?
558834381272252427,lapineony,118,is it possible to crossplay pe and pc when the people playing aren't physically near each other (on the same network)?
558834799427584010,{·èù·è¨·èí·è¶·èï},87,lapineony_ realm or bedrock server_ 2 options_ i believe pe is uses bedrock version too
558835355420459010,lapineony,145,i have bedrock vers downloaded (im on pc) and ive played with a switch user before but cant seem to figure out how to connect with pals on mobile
558837509958664202,ProfessorValko,79,<@!224569318535331841> Disable multiplayer in world settings to use splitscreen
558837636328980484,FreddyBearSniper,52,But_ it's in a world that being hosted on my tablet.
558837759653969935,ProfessorValko,133,Oh. Then you have to be online/cross-play. That requires all accounts trying to play on the Switch to have a Switch Online membership
558838140689973258,FreddyBearSniper,36,But the player 2 is a guest account.
558838410924523528,ProfessorValko,60,All accounts need a Switch Online membership to play online.
558846186916806676,Û†ÄÄÛ†ÄÄ,25,http://chng.it/C6QZWHm2ZG
558847085974126613,Luna "Lechuga",39,how do I know if I have bedrock edition
558847144698707978,Kaniko_Salad,21,How do I see my rank?
558847192983666690,Kaniko_Salad,10,byeeeeeeee
558847237493489674,Kaniko_Salad,54,https://tenor.com/view/bts-jungkook-funny-gif-11039047
558847577064341515,ProfessorValko,151,<@339883917530365953> What device do you play on? and what does the logo on the main menu say (just "Minecraft" or does it have an "edition" subtitle)?
558847731829964800,C_cat Videogamesüê∏,84,anyone know how i can fix this problem with a custom texture pack im trying to load?
558847905591590912,ProfessorValko,89,The `manifest.json` file isn't formatted correctly. Did you make the pack or download it?
558847940056317953,C_cat Videogamesüê∏,7,make it
558848005340528640,C_cat Videogamesüê∏,8,made it*
558848018472763395,ProfessorValko,76,Try <#305834249913892864> and post a screenshot or the text of your manifest
558848040606105600,C_cat Videogamesüê∏,1,k
558848060097036288,Meow Cat,29,Pack id <@316356707913826305>
558848214405611540,Gaster Blaster,124,I was playing 1.7_ recording using game bar_ and I started getting MASSIVE lag spikes.But when im not recording_ all is well
558848236085968906,C_cat Videogamesüê∏,5,oh ok
558848266431758336,Meow Cat,33,And version <@316356707913826305>
558848345490325504,Meow Cat,43,Dm me the screenshot of the `manifest.json`
558848358018580512,C_cat Videogamesüê∏,1,k
558848453053120514,Meow Cat,37,Its not vanilla <@492411406885453834>
558848488012513284,Gaster Blaster,2,IK
558848565070266379,Gaster Blaster,22,forge was I believe 10
558848641410793473,Gaster Blaster,33,But I dont have probleoms usually
558848837977112596,Gaster Blaster,22,<@!380913844610007042>
558848838853722132,MEE6,62,Hey <@!492411406885453834>_ you just advanced to **level 4** !
558849796773904384,Destiney-_PixelPlayzYT,28,is this for questions or nah
558849857322876928,{·èù·è¨·èí·è¶·èï},23,mostly for tech support
558849915850326047,Destiney-_PixelPlayzYT,7,oh ok üëå
558849945361317919,Gaster Blaster,8,help me?
558850036457537546,Gaster Blaster,78,(if anyone knows underpants_ they should get this now that im pointing it out)
558850164685799424,Destiney-_PixelPlayzYT,32,uh were can i ask questions? lel
558850194695782415,{·èù·è¨·èí·è¶·èï},63,i dont use either of the things_ i have no idea ghaster blaster
558850400321798150,{·èù·è¨·èí·è¶·èï},167,if it's minecraft question <#302099229755834370> if it's version of minecraft <#305834249913892864> or <#385167853919141889> if it's texture/skin <#406487507270631425>
558850452993605663,Destiney-_PixelPlayzYT,2,ok
558850466990260294,Destiney-_PixelPlayzYT,3,thx
558850781638295562,Memes_Alabama,60,Why isn't the bedrock edition up to date with the pc edition
558850998999973913,{·èù·è¨·èí·è¶·èï},24,java? pc has bedrock too
558851032013209601,frantichope,62,Does playing Java vs Bedrock depend on what you're playing on?
558851269767331852,Memes_Alabama,69,Windows 10 edition =bedrock. Java= not windows 10 and is more updated
558851336481931288,frantichope,27,so if I'm on an iMac_ Java?
558851375518318604,frantichope,38,Just clarifying. I normally play MCPE.
558851380169801731,frantichope,1,üòÑ
558851597514440704,{·èù·è¨·èí·è¶·èï},94,either side still have bugs stamping out & configuring codes_ they both use different language
558852785706106891,frantichope,72,I thought I had sound turned off. Apparently it's just not working. Hmm.
558857944985370624,yes.,21,guys I need some help
558858117459476480,{·èù·è¨·èí·è¶·èï},418,here's the out of beta guide_ if you're in itNLXbox One_ Windows 10NL1. Xbox Insider Hub ‚Üí Insider Content ‚Üí Minecraft ‚Üí Manage ‚Üí UnenrollNL2. Uninstall MinecraftNL3. Wait for the system to process the unenrollment (approx. 20 minutes_ up to several hours)NL4. Restart deviceNL- Windows 10: Restart PCNL- Xbox One: Power cycle console https://support.xbox.com/en-US/xbox-one/console/power-cycle-consoleNL5. Reinstall Minecraft
558858204814114857,yes.,2,ok
558862738517000202,Not I.R.A.,29,Hey I need help with my realm
558862961385668637,Not I.R.A.,129,I bought it yesterday night and it still says that its not available and they will make it when they can but it's been over a day
558863647108235264,{·èù·è¨·èí·è¶·èï},81,don't think we can really do much to make it work_ you'll have to contact mojangüò¨
558863821117325322,Not I.R.A.,37,I tried to but they haven't responded
558864963607986176,ProfessorValko,85,<@558857592982601728> Are the iPad on the same Wi-Fi or connecting over the internet?
558865016066146327,1NKLING,3,Yes
558865042498519040,ProfessorValko,17,Yes to which one?
558865066087415823,1NKLING,1,?
558865101336084481,ProfessorValko,43,same Wi-Fi OR connecting over the internet?
558865134563360783,1NKLING,9,Same WiFi
558865167161622560,1NKLING,6,Is LAN
558865272765808663,ProfessorValko,92,Does the host player have LAN enabled? World Settings ‚Üí Multiplayer ‚Üí Visible to LAN Players
558865274863091732,1NKLING,33,Since update aquatic I can‚Äôt play
558865275332722716,MEE6,62,Hey <@!558857592982601728>_ you just advanced to **level 2** !
558865296769941504,1NKLING,3,Yes
558865336955306012,1NKLING,26,Friends of friends is also
558865537476853772,ProfessorValko,188,Friends of Friends is for XBL over the internet. Hmm‚Ä¶ So it seems like it's actually trying to connect over Xbox Live instead of LAN. See if it works if you both sign out of your accounts.
558865595332821013,1NKLING,2,Ok
558865614157119520,1NKLING,13,Wait a minute
558865884446457857,1NKLING,42,It doesn‚Äôt appear friends connected in LAN
558865987504570405,1NKLING,44,I think that the iOS version haves something
558866010145292289,Snowy,262,(this is in 1.13.2 java version and i have no mods loaded) whenever i try to go into a realm server for minecraft it either doesnt let me in an says 'disconnected' or lets me in for like 3 seconds and then says 'disconnected' anyone got ideas on how to fix this?
558866191129509888,ProfessorValko,99,<@558857592982601728> Are you both using the same version and sure the host player has LAN enabled?
558866320020733973,Snowy,121,we are both using the same version and im pretty sure he has LAN enabled also it was working yesterday but just not today
558866387209027598,1NKLING,8,1.1.0.0?
558866553525764122,Snowy,6,1.13.2
558866636631834655,1NKLING,24,The bedrock says 1.1.0.0
558866834586337281,Snowy,149,just for some more information the host is my brother (we are on the same wifi) he also cant connect to the realm and he is on the same version as me
558866900264681474,Snowy,39,but my friends can connect to the realm
558867099267760138,ProfessorValko,314,Well_ usually when you are signed into an XBL account_ the game tries to connect that way. So you might need to port forward in your router for XBL. Ports to open: <https://support.xbox.com/en-US/xbox-one/networking/network-ports-used-xbox-live>NLNLI'm not sure why it's not working over LAN even when not signed in.
558867236845256714,1NKLING,12,Sorry but...
558867292998467594,1NKLING,45,I think it would be the Latin-America website
558867330709454858,1NKLING,23,Or some stuff like that
558867623782252555,1NKLING,2,Oh
558867657806446592,1NKLING,5,I see
558867693092995075,1NKLING,23,I‚Äôm checking that stuff
558867750047449090,1NKLING,29,<:mcsheep:302439127322722314>
558867973838864395,1NKLING,9,Is mobile
558868018197692420,1NKLING,15,Not console btw
558868264533360641,ProfessorValko,175,There should be an option at the bottom of the site to switch the site to your region/language. The ports are the same though for console and mobile (they both use Xbox Live).
558868352920059905,1NKLING,2,Ok
558868448244138005,1NKLING,45,What you think is the error in here basically
558870357038071826,dust,225,hello im looking for support every time i join a multiplayer server minecraft crashes and ive tried reinstalling minecraft_ using the fix launcher option thing_ getting the current java but nothing has worked. im using 1.13.2
558870538865475594,dust,24,mention me if u can help
558990350535098378,Bluefire_7662,20,look at what happens
558990976480182282,Bluefire_7662,18,can you check mine
558990994855690241,Bluefire_7662,15,its not working
558991025532829704,Bluefire_7662,23,it says error bla hblah
558991252582825984,Bluefire_7662,7,of what
558991259956674561,Bluefire_7662,9,the error
558991698433277955,whoms,36,Yea sure DM it <@537580396259311641>
558991702497427456,XD GAMER 99,21,<@159985870458322944>
558991714925412353,whoms,26,Yea? <@537580396259311641>
559005984878624769,Nigelee77,40,How do you make realms? @minecraft staff
559006321245159424,Dessy The Duck,13,we need gfuel
559006357714370582,Dessy The Duck,12,in minecraft
559007541544353804,oki,194,My friend redeemed Minecraft for windows 10 with his code but when he starts the game it asks if he wantsto buy the full game_ and when he opens a singleplayer world it starts the 90 min demo???
559008012820545536,Greymagic27,24,Java or bedrock edition?
559009417194897408,oki,15,bedrock edition
559009520647536643,oki,99,it says he owns the game in the windows store and when he opens it he has to buy the 'full version'
559009633965047823,oki,67,when I redeemed it I just had to make an xbox account and thats all
559011312974430208,ZeusPlaysRoblox001,5,!rank
559011313938857984,MEE6,75,ZeusPlaysRoblox001_ this command is disabled in this channel. :SMILESWEAT6:
559011350953721858,Greymagic27,23,<#302219365372264448> üòõ
